<?xml version="1.0" encoding="UTF-8" standalone="no"?>
<!-- Generated 14 nov 2023 10:53:14 by Hibernate Tools 6.1.3.Final --><!DOCTYPE hibernate-mapping PUBLIC "-//Hibernate/Hibernate Mapping DTD 3.0//EN" "http://www.hibernate.org/dtd/hibernate-mapping-3.0.dtd">
<hibernate-mapping>
    <class catalog="personal" name="modelo.Departamento" optimistic-lock="none" table="departamento">
        <id name="codigo" type="java.lang.Short">
            <column name="codigo"/>
            <generator class="identity"/>
        </id>
        <property name="nombre" type="string">
            <column length="20" name="nombre" not-null="true"/>
        </property>
        <property name="ubicacion" type="string">
            <column length="20" name="ubicacion" not-null="true"/>
        </property>
        <set fetch="select" inverse="true" lazy="true" name="empleados" table="empleado">
            <key>
                <column name="codigo_departamento" not-null="true"/>
            </key>
            <one-to-many class="modelo.Empleado"/>
        </set>
    </class>
</hibernate-mapping>
