<?xml version="1.0" encoding="UTF-8" standalone="no"?>
<!-- Generated 14 nov 2023 10:53:14 by Hibernate Tools 6.1.3.Final --><!DOCTYPE hibernate-mapping PUBLIC "-//Hibernate/Hibernate Mapping DTD 3.0//EN" "http://www.hibernate.org/dtd/hibernate-mapping-3.0.dtd">
<hibernate-mapping>
    <class catalog="personal" name="modelo.Empleado" optimistic-lock="none" table="empleado">
        <id name="codigo" type="java.lang.Short">
            <column name="codigo"/>
            <generator class="identity"/>
        </id>
        <many-to-one class="modelo.Departamento" fetch="select" name="departamento">
            <column name="codigo_departamento" not-null="true"/>
        </many-to-one>
        <property name="nombre" type="string">
            <column length="40" name="nombre" not-null="true"/>
        </property>
        <property name="fechaAlta" type="string">
            <column length="10" name="fecha_alta" not-null="true"/>
        </property>
        <property name="salario" type="big_decimal">
            <column name="salario" not-null="true" precision="9" scale="2"/>
        </property>
    </class>
</hibernate-mapping>
